{
    "x_limits": 500,
    "y_limits": 500,
    "start_x": 22.0,
    "start_y": 20.0,
    "target_x": 480.0,
    "target_y": 480.0,
    "icebergs_count": 6,
    "icebergs": [
        {
            "iceberg_number": 1,
            "iceberg_points": {
                "point1": {
                    "x": 50.87099497432058,
                    "y": 63.228647610186385
                },
                "point2": {
                    "x": 50.88568003539882,
                    "y": 78.63887306848548
                },
                "point3": {
                    "x": 67.95390244106275,
                    "y": 104.21107989210294
                },
                "point4": {
                    "x": 82.43681808816149,
                    "y": 92.60904934780093
                },
                "point5": {
                    "x": 63.22673686977241,
                    "y": 68.93571278720094
                }
            }
        },
        {
            "iceberg_number": 2,
            "iceberg_points": {
                "point1": {
                    "x": 374.57183721017515,
                    "y": 380.5942294503001
                },
                "point2": {
                    "x": 342.1803054361769,
                    "y": 390.93055040384286
                },
                "point3": {
                    "x": 339.5341391059575,
                    "y": 425.34909781318464
                },
                "point4": {
                    "x": 348.21071978208164,
                    "y": 429.87739959279276
                },
                "point5": {
                    "x": 364.3172513094988,
                    "y": 433.2606412561888
                },
                "point6": {
                    "x": 400.9566819815003,
                    "y": 409.1271007719779
                },
                "point7": {
                    "x": 401.05149491337085,
                    "y": 396.65814803893596
                }
            }
        },
        {
            "iceberg_number": 3,
            "iceberg_points": {
                "point1": {
                    "x": 289.38072946541155,
                    "y": 231.08296338969026
                },
                "point2": {
                    "x": 278.5495547190468,
                    "y": 233.12288851448906
                },
                "point3": {
                    "x": 268.49435569125524,
                    "y": 245.03218430650747
                },
                "point4": {
                    "x": 289.4828428052861,
                    "y": 273.00325789075185
                },
                "point5": {
                    "x": 322.6181620149763,
                    "y": 280.1356501764516
                },
                "point6": {
                    "x": 312.0222136133647,
                    "y": 256.49766827563764
                }
            }
        },
        {
            "iceberg_number": 4,
            "iceberg_points": {
                "point1": {
                    "x": 194.04161624886848,
                    "y": 239.9279171676838
                },
                "point2": {
                    "x": 163.23330502528609,
                    "y": 254.64075559705154
                },
                "point3": {
                    "x": 153.29736767308842,
                    "y": 267.61976336630164
                },
                "point4": {
                    "x": 202.71978778393182,
                    "y": 284.9960569688366
                },
                "point5": {
                    "x": 220.3815718337443,
                    "y": 278.2493039908658
                }
            }
        },
        {
            "iceberg_number": 5,
            "iceberg_points": {
                "point1": {
                    "x": 408.2657119169414,
                    "y": 348.44017954800586
                },
                "point2": {
                    "x": 412.2130095538457,
                    "y": 375.96267852600374
                },
                "point3": {
                    "x": 428.67005612957513,
                    "y": 385.7393607094705
                },
                "point4": {
                    "x": 445.90012644004014,
                    "y": 379.1631603762875
                },
                "point5": {
                    "x": 449.35421090507674,
                    "y": 353.6244520335584
                }
            }
        },
        {
            "iceberg_number": 6,
            "iceberg_points": {
                "point1": {
                    "x": 337.7569571573518,
                    "y": 140.8337788730946
                },
                "point2": {
                    "x": 341.60102930669416,
                    "y": 163.54413506854056
                },
                "point3": {
                    "x": 351.1692733161416,
                    "y": 195.48069708094488
                },
                "point4": {
                    "x": 383.37800171932497,
                    "y": 194.57996679498663
                },
                "point5": {
                    "x": 396.65363459801466,
                    "y": 147.17604957536685
                },
                "point6": {
                    "x": 384.0521111152962,
                    "y": 141.03053019874466
                }
            }
        }
    ]
}