{
    "x_limits": 500,
    "y_limits": 500,
    "start_x": 22.0,
    "start_y": 20.0,
    "target_x": 480.0,
    "target_y": 480.0,
    "icebergs_count": 7,
    "icebergs": [
        {
            "iceberg_number": 1,
            "iceberg_points": {
                "point1": {
                    "x": 124.92539361872117,
                    "y": 210.50894571848272
                },
                "point2": {
                    "x": 115.51225554251789,
                    "y": 212.37792400686888
                },
                "point3": {
                    "x": 110.66176507460183,
                    "y": 222.37040812466583
                },
                "point4": {
                    "x": 112.04169802961465,
                    "y": 232.46247307483176
                },
                "point5": {
                    "x": 120.02362980237855,
                    "y": 239.1428695716667
                },
                "point6": {
                    "x": 128.69112712706686,
                    "y": 235.86048738575985
                },
                "point7": {
                    "x": 140.38442409042514,
                    "y": 227.5157403417762
                },
                "point8": {
                    "x": 136.28236214351634,
                    "y": 211.60735826414333
                }
            }
        },
        {
            "iceberg_number": 2,
            "iceberg_points": {
                "point1": {
                    "x": 285.63048826433413,
                    "y": 175.60626952404212
                },
                "point2": {
                    "x": 270.6597865793786,
                    "y": 199.08696817000174
                },
                "point3": {
                    "x": 270.6709128947339,
                    "y": 210.50549374933257
                },
                "point4": {
                    "x": 273.70051299413194,
                    "y": 215.83204817985515
                },
                "point5": {
                    "x": 302.3019236958657,
                    "y": 222.2581960364586
                },
                "point6": {
                    "x": 315.7071893466915,
                    "y": 209.63761897444027
                },
                "point7": {
                    "x": 319.20086637544284,
                    "y": 196.67552844434587
                },
                "point8": {
                    "x": 308.79774290740323,
                    "y": 177.6980888339315
                }
            }
        },
        {
            "iceberg_number": 3,
            "iceberg_points": {
                "point1": {
                    "x": 313.709000457057,
                    "y": 43.610276416450915
                },
                "point2": {
                    "x": 304.80009363186275,
                    "y": 53.173331453833704
                },
                "point3": {
                    "x": 310.851124404519,
                    "y": 107.98841527214861
                },
                "point4": {
                    "x": 356.6432803425056,
                    "y": 95.4556451069902
                },
                "point5": {
                    "x": 358.76658374653874,
                    "y": 85.57153636229195
                }
            }
        },
        {
            "iceberg_number": 4,
            "iceberg_points": {
                "point1": {
                    "x": 90.02466754131348,
                    "y": 426.6889028236792
                },
                "point2": {
                    "x": 79.99787064147044,
                    "y": 436.40701300834127
                },
                "point3": {
                    "x": 82.2150363053002,
                    "y": 460.56057649280325
                },
                "point4": {
                    "x": 113.87938389838484,
                    "y": 458.1504961586075
                },
                "point5": {
                    "x": 112.34222917672844,
                    "y": 436.1422978104169
                },
                "point6": {
                    "x": 98.64740799090049,
                    "y": 427.329530505815
                }
            }
        },
        {
            "iceberg_number": 5,
            "iceberg_points": {
                "point1": {
                    "x": 265.4535584292334,
                    "y": 271.29347000372877
                },
                "point2": {
                    "x": 215.2468178112838,
                    "y": 288.8844830404516
                },
                "point3": {
                    "x": 207.35387329295742,
                    "y": 309.15328505371855
                },
                "point4": {
                    "x": 231.99438344301953,
                    "y": 331.2419055867216
                },
                "point5": {
                    "x": 266.8896562796318,
                    "y": 327.0231874890751
                },
                "point6": {
                    "x": 284.3169904879954,
                    "y": 290.361263458766
                },
                "point7": {
                    "x": 277.5797946381054,
                    "y": 279.52420152518107
                }
            }
        },
        {
            "iceberg_number": 6,
            "iceberg_points": {
                "point1": {
                    "x": 350.1271717994962,
                    "y": 127.98358139712926
                },
                "point2": {
                    "x": 341.3564746610059,
                    "y": 128.98406056817862
                },
                "point3": {
                    "x": 310.9224483585821,
                    "y": 141.3279198410547
                },
                "point4": {
                    "x": 305.65213205523014,
                    "y": 145.46887469912747
                },
                "point5": {
                    "x": 326.12768737690817,
                    "y": 172.3145301078329
                },
                "point6": {
                    "x": 350.3443551931785,
                    "y": 154.21096906800994
                },
                "point7": {
                    "x": 359.77809649806136,
                    "y": 140.87637378713316
                }
            }
        },
        {
            "iceberg_number": 7,
            "iceberg_points": {
                "point1": {
                    "x": 144.3788690233488,
                    "y": 225.99354535620608
                },
                "point2": {
                    "x": 117.8996074483139,
                    "y": 243.53213944751417
                },
                "point3": {
                    "x": 120.79213314502877,
                    "y": 261.35078156222824
                },
                "point4": {
                    "x": 137.15488036131694,
                    "y": 271.4692787705247
                },
                "point5": {
                    "x": 144.24476031202965,
                    "y": 269.6534329060491
                },
                "point6": {
                    "x": 152.97604314224486,
                    "y": 246.13908227181307
                }
            }
        }
    ]
}