{
    "x_limits": 500,
    "y_limits": 500,
    "start_x": 22.0,
    "start_y": 20.0,
    "target_x": 480.0,
    "target_y": 480.0,
    "icebergs_count": 5,
    "icebergs": [
        {
            "iceberg_number": 1,
            "iceberg_points": {
                "point1": {
                    "x": 465.3553120070447,
                    "y": 359.5732245251281
                },
                "point2": {
                    "x": 409.5792809971071,
                    "y": 376.46334087468
                },
                "point3": {
                    "x": 409.8799001682512,
                    "y": 393.77789130542794
                },
                "point4": {
                    "x": 418.03280668130816,
                    "y": 409.6589312591455
                },
                "point5": {
                    "x": 441.91394538916944,
                    "y": 446.0761578680511
                },
                "point6": {
                    "x": 483.89711418378363,
                    "y": 436.6561943664839
                },
                "point7": {
                    "x": 494.946222120144,
                    "y": 421.25405871551266
                },
                "point8": {
                    "x": 492.94004525015464,
                    "y": 399.93598965930835
                }
            }
        },
        {
            "iceberg_number": 2,
            "iceberg_points": {
                "point1": {
                    "x": 276.64740958779237,
                    "y": 126.80599363413747
                },
                "point2": {
                    "x": 255.5112760796117,
                    "y": 158.32751710662225
                },
                "point3": {
                    "x": 253.48183925098257,
                    "y": 164.85781322431305
                },
                "point4": {
                    "x": 267.8422661802562,
                    "y": 198.50653095249686
                },
                "point5": {
                    "x": 306.5963276476043,
                    "y": 188.96030125154832
                },
                "point6": {
                    "x": 304.2871116375029,
                    "y": 152.40595285180285
                }
            }
        },
        {
            "iceberg_number": 3,
            "iceberg_points": {
                "point1": {
                    "x": 159.77959456799834,
                    "y": 293.3954153562714
                },
                "point2": {
                    "x": 128.4746905568069,
                    "y": 298.36905772276145
                },
                "point3": {
                    "x": 116.37684281462177,
                    "y": 345.8693495508003
                },
                "point4": {
                    "x": 116.13986941438104,
                    "y": 358.82353059935895
                },
                "point5": {
                    "x": 168.74929875560082,
                    "y": 371.6023386751908
                },
                "point6": {
                    "x": 177.81141657396785,
                    "y": 367.5268618805848
                },
                "point7": {
                    "x": 188.32620153168835,
                    "y": 345.47283142333293
                },
                "point8": {
                    "x": 187.03302829854368,
                    "y": 339.94401348964834
                },
                "point9": {
                    "x": 180.39118701702742,
                    "y": 324.4039999578145
                }
            }
        },
        {
            "iceberg_number": 4,
            "iceberg_points": {
                "point1": {
                    "x": 157.49953060555825,
                    "y": 59.15223198794433
                },
                "point2": {
                    "x": 148.30476767551974,
                    "y": 59.34873003407438
                },
                "point3": {
                    "x": 138.30319619065276,
                    "y": 71.98971939195765
                },
                "point4": {
                    "x": 133.42817382802463,
                    "y": 91.00073297027761
                },
                "point5": {
                    "x": 147.8042061497947,
                    "y": 101.8250404478068
                },
                "point6": {
                    "x": 164.6483797515614,
                    "y": 100.79796733717049
                },
                "point7": {
                    "x": 174.03441602597593,
                    "y": 73.69000037577041
                },
                "point8": {
                    "x": 170.49181048781924,
                    "y": 65.24244058123047
                }
            }
        },
        {
            "iceberg_number": 5,
            "iceberg_points": {
                "point1": {
                    "x": 148.36530616144393,
                    "y": 417.81114138163286
                },
                "point2": {
                    "x": 121.56826797921752,
                    "y": 427.81521424363154
                },
                "point3": {
                    "x": 114.4175473007746,
                    "y": 435.70284715392035
                },
                "point4": {
                    "x": 115.85226795846842,
                    "y": 447.105641719913
                },
                "point5": {
                    "x": 135.45378193411486,
                    "y": 463.95251970788934
                },
                "point6": {
                    "x": 150.38387150016118,
                    "y": 463.44449808010467
                },
                "point7": {
                    "x": 160.2967707242825,
                    "y": 426.8014873036747
                }
            }
        }
    ]
}