{
    "x_limits": 500,
    "y_limits": 500,
    "start_x": 22.0,
    "start_y": 20.0,
    "target_x": 480.0,
    "target_y": 480.0,
    "icebergs_count": 6,
    "icebergs": [
        {
            "iceberg_number": 1,
            "iceberg_points": {
                "point1": {
                    "x": 51.809932763462896,
                    "y": 390.3803470892952
                },
                "point2": {
                    "x": 50.375137174727925,
                    "y": 443.19846316105026
                },
                "point3": {
                    "x": 86.86280958339532,
                    "y": 434.44338639582315
                },
                "point4": {
                    "x": 97.21803018906121,
                    "y": 398.1478915966255
                }
            }
        },
        {
            "iceberg_number": 2,
            "iceberg_points": {
                "point1": {
                    "x": 52.47319631565934,
                    "y": 237.51718725645574
                },
                "point2": {
                    "x": 47.085283190035604,
                    "y": 248.10832488445027
                },
                "point3": {
                    "x": 31.645310400328107,
                    "y": 288.85808662297705
                },
                "point4": {
                    "x": 52.6087514330498,
                    "y": 310.2320278123726
                },
                "point5": {
                    "x": 72.32694113686932,
                    "y": 300.133256130685
                },
                "point6": {
                    "x": 103.38369726809125,
                    "y": 283.28219806409135
                },
                "point7": {
                    "x": 109.56629981509612,
                    "y": 267.58406085609863
                },
                "point8": {
                    "x": 96.62440397015396,
                    "y": 258.1170693169882
                },
                "point9": {
                    "x": 61.862356983306924,
                    "y": 241.63972650727055
                }
            }
        },
        {
            "iceberg_number": 3,
            "iceberg_points": {
                "point1": {
                    "x": 105.40976832211048,
                    "y": 50.301065761901796
                },
                "point2": {
                    "x": 94.86648655546085,
                    "y": 53.2144266684347
                },
                "point3": {
                    "x": 89.99961971723465,
                    "y": 58.6467651740167
                },
                "point4": {
                    "x": 93.61767354534985,
                    "y": 77.59506527967596
                },
                "point5": {
                    "x": 103.91985212443203,
                    "y": 88.2496273445615
                },
                "point6": {
                    "x": 107.4243625055408,
                    "y": 88.33636353652231
                },
                "point7": {
                    "x": 116.07765714930598,
                    "y": 83.76733496819593
                },
                "point8": {
                    "x": 115.10341441673347,
                    "y": 64.68199050301615
                },
                "point9": {
                    "x": 112.75404755620654,
                    "y": 56.671128304064254
                }
            }
        },
        {
            "iceberg_number": 4,
            "iceberg_points": {
                "point1": {
                    "x": 222.0199991084422,
                    "y": 388.08924395223465
                },
                "point2": {
                    "x": 191.76124555877283,
                    "y": 390.054440092752
                },
                "point3": {
                    "x": 183.84852139582776,
                    "y": 417.0914575363197
                },
                "point4": {
                    "x": 183.91231390958447,
                    "y": 427.41798535686786
                },
                "point5": {
                    "x": 190.58765480233183,
                    "y": 432.9784342842684
                },
                "point6": {
                    "x": 218.46485656012416,
                    "y": 424.1785853608257
                },
                "point7": {
                    "x": 230.80549805536515,
                    "y": 395.2873439984192
                }
            }
        },
        {
            "iceberg_number": 5,
            "iceberg_points": {
                "point1": {
                    "x": 166.16599652523854,
                    "y": 208.61879192629135
                },
                "point2": {
                    "x": 161.3322170310723,
                    "y": 215.66815223378978
                },
                "point3": {
                    "x": 153.41127056418006,
                    "y": 228.22087875799022
                },
                "point4": {
                    "x": 166.88433576322032,
                    "y": 246.06290396324619
                },
                "point5": {
                    "x": 170.471159604032,
                    "y": 246.9067463985857
                },
                "point6": {
                    "x": 184.18710073711296,
                    "y": 244.45470452934433
                },
                "point7": {
                    "x": 193.6706138578661,
                    "y": 232.59723155186316
                },
                "point8": {
                    "x": 191.5668026951895,
                    "y": 209.80903517804762
                }
            }
        },
        {
            "iceberg_number": 6,
            "iceberg_points": {
                "point1": {
                    "x": 224.69432651257543,
                    "y": 214.05921224890082
                },
                "point2": {
                    "x": 224.77564674682316,
                    "y": 235.24463881822547
                },
                "point3": {
                    "x": 232.07982776338721,
                    "y": 244.98743507414028
                },
                "point4": {
                    "x": 234.61477331981374,
                    "y": 247.62116075027217
                },
                "point5": {
                    "x": 238.50394132438606,
                    "y": 248.05828588420022
                },
                "point6": {
                    "x": 259.48363277956514,
                    "y": 234.29322377756802
                },
                "point7": {
                    "x": 255.18994448882185,
                    "y": 215.76576486625163
                }
            }
        }
    ]
}