{
    "x_limits": 500,
    "y_limits": 500,
    "start_x": 22.0,
    "start_y": 20.0,
    "target_x": 480.0,
    "target_y": 480.0,
    "icebergs_count": 6,
    "icebergs": [
        {
            "iceberg_number": 1,
            "iceberg_points": {
                "point1": {
                    "x": 139.2078894976945,
                    "y": 165.8295003689052
                },
                "point2": {
                    "x": 111.75183505359084,
                    "y": 177.49770230456718
                },
                "point3": {
                    "x": 101.37421648669371,
                    "y": 207.96437464771273
                },
                "point4": {
                    "x": 100.75337611833243,
                    "y": 229.3869766067917
                },
                "point5": {
                    "x": 126.8131199232658,
                    "y": 244.46456631048983
                },
                "point6": {
                    "x": 143.70262698085992,
                    "y": 224.68534938757466
                },
                "point7": {
                    "x": 149.19048046043687,
                    "y": 177.58834018711812
                }
            }
        },
        {
            "iceberg_number": 2,
            "iceberg_points": {
                "point1": {
                    "x": 179.16804695019096,
                    "y": 81.51699877034221
                },
                "point2": {
                    "x": 198.74875136010928,
                    "y": 154.7741976977619
                },
                "point3": {
                    "x": 227.67055179312206,
                    "y": 143.68638450540016
                },
                "point4": {
                    "x": 242.80416649091566,
                    "y": 104.91079545687197
                },
                "point5": {
                    "x": 245.17994765143266,
                    "y": 88.87761630906935
                }
            }
        },
        {
            "iceberg_number": 3,
            "iceberg_points": {
                "point1": {
                    "x": 346.12192836864,
                    "y": 387.80190775454236
                },
                "point2": {
                    "x": 341.7236987308865,
                    "y": 400.9126191377222
                },
                "point3": {
                    "x": 339.7116324982928,
                    "y": 416.7619459487226
                },
                "point4": {
                    "x": 341.5533477173049,
                    "y": 417.57171475908507
                },
                "point5": {
                    "x": 349.9492547429812,
                    "y": 420.1084616787326
                },
                "point6": {
                    "x": 368.59972224469726,
                    "y": 405.83028656329225
                },
                "point7": {
                    "x": 352.8398493082704,
                    "y": 388.0875316555486
                }
            }
        },
        {
            "iceberg_number": 4,
            "iceberg_points": {
                "point1": {
                    "x": 333.95816403281833,
                    "y": 415.5149722132212
                },
                "point2": {
                    "x": 291.7292545491942,
                    "y": 419.08411388230013
                },
                "point3": {
                    "x": 303.40542425663654,
                    "y": 471.8603802298052
                },
                "point4": {
                    "x": 305.1554383726285,
                    "y": 475.4231423968467
                },
                "point5": {
                    "x": 333.8001812111436,
                    "y": 476.82005841089835
                },
                "point6": {
                    "x": 338.60877144726754,
                    "y": 415.5653427769184
                }
            }
        },
        {
            "iceberg_number": 5,
            "iceberg_points": {
                "point1": {
                    "x": 107.4206526404954,
                    "y": 396.6092577912768
                },
                "point2": {
                    "x": 90.84876900450233,
                    "y": 398.513056571364
                },
                "point3": {
                    "x": 85.83251848690952,
                    "y": 433.72818744257034
                },
                "point4": {
                    "x": 112.81862140693555,
                    "y": 460.169763531668
                },
                "point5": {
                    "x": 135.5970344266412,
                    "y": 459.9609638370117
                },
                "point6": {
                    "x": 167.21134541173177,
                    "y": 446.0493088990258
                },
                "point7": {
                    "x": 179.01322060805938,
                    "y": 406.9998229534415
                }
            }
        },
        {
            "iceberg_number": 6,
            "iceberg_points": {
                "point1": {
                    "x": 68.03470351880209,
                    "y": 281.63797776426907
                },
                "point2": {
                    "x": 38.12826708354784,
                    "y": 296.51564046578966
                },
                "point3": {
                    "x": 43.14352694715454,
                    "y": 324.1855666995791
                },
                "point4": {
                    "x": 57.18142749385953,
                    "y": 324.7608802201709
                },
                "point5": {
                    "x": 65.10283203702302,
                    "y": 323.5447207711458
                },
                "point6": {
                    "x": 80.67105898136936,
                    "y": 310.7561345884946
                },
                "point7": {
                    "x": 87.23604876496995,
                    "y": 294.29224234383474
                },
                "point8": {
                    "x": 84.57128515870741,
                    "y": 286.0506008499872
                }
            }
        }
    ]
}